date,ambient_c,wind_mph,humidity_pct
2026-07-01,27.1,5.3,75.0
2026-07-02,23.2,3.8,58.0
2026-07-03,28.7,3.2,49.0
2026-07-04,29.5,3.8,72.0
2026-07-05,21.0,0.6,61.0
2026-07-06,23.1,1.1,78.0
2026-07-07,27.6,1.4,58.0
2026-07-08,26.4,2.0,37.0
2026-07-09,27.5,4.8,34.0
2026-07-10,25.2,2.2,80.0
2026-07-11,30.6,3.2,81.0
2026-07-12,30.5,6.6,52.0
2026-07-13,28.5,3.3,49.0
2026-07-14,31.9,5.5,77.0
2026-07-15,30.2,2.1,38.0
2026-07-16,26.4,3.6,42.0
2026-07-17,30.3,2.1,65.0
2026-07-18,26.5,3.3,49.0
2026-07-19,32.2,5.7,55.0
2026-07-20,29.6,0.5,53.0
2026-07-21,29.4,4.9,60.0
2026-07-22,28.2,4.5,76.0
2026-07-23,34.1,2.8,56.0
2026-07-24,30.2,1.1,65.0
2026-07-25,29.6,4.1,24.0
2026-07-26,30.0,2.9,54.0
2026-07-27,32.8,4.5,42.0
2026-07-28,32.5,4.0,37.0
2026-07-29,32.9,7.2,42.0
2026-07-30,33.1,3.5,50.0
2026-07-31,38.5,2.0,69.0
2026-08-01,31.0,4.4,35.0
2026-08-02,30.9,4.4,55.0
2026-08-03,30.2,6.7,48.0
2026-08-04,34.7,5.7,50.0
2026-08-05,36.4,4.7,70.0
2026-08-06,32.8,6.9,63.0
2026-08-07,30.8,1.6,75.0
2026-08-08,31.1,2.7,53.0
2026-08-09,35.6,2.1,45.0
2026-08-10,36.1,3.2,52.0
2026-08-11,35.6,1.2,59.0
2026-08-12,32.2,5.3,58.0
2026-08-13,35.0,3.6,39.0
2026-08-14,34.8,1.1,56.0
2026-08-15,35.3,2.0,58.0
2026-08-16,37.3,4.6,93.0
2026-08-17,35.5,5.7,83.0
2026-08-18,37.0,8.0,42.0
2026-08-19,35.3,9.8,51.0
2026-08-20,36.1,4.8,33.0
2026-08-21,37.2,2.0,46.0
2026-08-22,31.0,0.0,60.0
2026-08-23,34.5,4.5,73.0
2026-08-24,34.2,2.4,44.0
2026-08-25,33.7,3.2,45.0
2026-08-26,34.9,2.8,23.0
2026-08-27,40.3,3.7,53.0
2026-08-28,33.2,6.1,39.0
2026-08-29,38.8,4.3,47.0
2026-08-30,30.9,3.7,42.0
2026-08-31,34.9,1.9,54.0
2026-09-01,36.5,0.7,29.0
2026-09-02,37.7,3.0,33.0
2026-09-03,38.1,3.9,87.0
2026-09-04,38.4,7.5,36.0
2026-09-05,35.0,4.3,39.0
2026-09-06,34.6,6.0,83.0
2026-09-07,38.5,3.0,95.0
2026-09-08,35.4,1.6,37.0
2026-09-09,32.1,2.1,49.0
2026-09-10,32.5,2.5,60.0
2026-09-11,33.1,8.3,81.0
2026-09-12,37.3,2.4,40.0
2026-09-13,36.1,5.7,51.0
2026-09-14,37.7,2.2,67.0
2026-09-15,34.3,5.9,62.0
2026-09-16,36.0,4.8,49.0
2026-09-17,37.3,3.7,53.0
2026-09-18,34.4,3.9,34.0
2026-09-19,36.6,2.7,51.0
2026-09-20,33.1,4.9,51.0
2026-09-21,33.9,3.1,58.0
2026-09-22,33.7,1.5,47.0
2026-09-23,31.1,1.4,62.0
2026-09-24,36.1,4.3,70.0
2026-09-25,33.1,7.2,57.0
2026-09-26,34.4,4.3,60.0
2026-09-27,35.6,3.8,56.0
2026-09-28,35.4,4.6,55.0
